,0
0,"""ğŸˆWelcome to my shop We have a lot of products (shoes, bags, clothes, etc.) Please add me on WhatsWpp:ğŸ“+86 15759905991 We have professional staff to help you"
1,"ğŸ“£ The photos from the celeb wedding of the season have dropped! Courtesy of vogueweddings, we have all of the South of France bridal style from sofiarichie (see our previous post for her custom chanelofficial looks), and her luxe I-DO at hotelducapedenroc. The bride, wed music executive elliot in an elaborate bananasplitevents affair captured by normanandblake and germanlarkin over the weekend. A famous family affair of RSVPS included nicolerichie, lionelrichie, and parishilton among others. The couple celebrated with a traditional Jewish wedding, after  converted to Judaism earlier this year. 
ğŸ“·: normanandblake and germanlarkin
ğŸ“‹: bananasplitevents
ğŸ’: roni_floral_design
ğŸ“: hotelducapedenroc
ğŸ‘°â€â™€ï¸: chanelofficial with styling by liatbaruch_
ğŸ’„: patidubroff"
2,"Happy Sunday everyoneğŸ‘§ğŸ¼âœ§Gift HouseğŸ› Different items are updated every dayğŸ’If you like it, you can rate my post from 1-10 pointsğŸ‘"
3,"It's nail season. 

Book your appointment. 

Enjoyâ­ï¸"
4,"A busy and happy day ğŸ‘§ğŸ¼Happy Saturday and Sunday everyone ğŸ¤Keep updating my posts every day and stick to my shootingğŸ’•If you like my work, you can rate me 1-10 pointsğŸ‘"
5,"sofiarichie wore not one, but three dresses for her wedding over the weekend. The model and daughter of Lionel Richie tied the knot with Elliot Grainge, a British record executive, in the south of France. ğŸ¤

MORE photos at the link in bio."
6,"Today itâ€™s about the nudesss ğŸ«¶

Hope your Saturday will be legendary!! ğŸ’—"
7,"Margot in her Barbie era omfg 

â€¢
â€¢
tags;
            ï½e âœ¨"
8,"Sofia Richieâ€™s wedding looks are custom Chanel pieces inspired by Chanel iconic archive pieces.

1) she wears a custom Chanel after-party dress inspired by Claudia Schifferâ€™s Chanel FW 1993 look

2) Sofia in custom Chanel rehearsal dinner dress inspired by Stella Tennantâ€™s Chanel FW 1997 couture look"
9,"almost instantly even, like â€œgood morning mom!!!ğŸ˜‹ğŸ˜‹ğŸ˜‹ğŸ˜™ğŸ˜™ğŸ˜™ğŸ¤ªğŸ¤ªğŸ¤ªwhatâ€™s for breakfast???â€ and iâ€™m asleep alrğŸ˜ƒbut thatâ€™s hot girl behaviour so itâ€™s wtvğŸ’‹
.
.
.
.
."
10,"Did you know my online gallery is equipped with powerful visualization tools to help you size up the perfect option for your space?

Take a look! Link in bio. 

And if all else fails, just message me and I will be happy to share my recommendation for your needs. 
.
.
.
."
11,"Look de viernes, sencillo y con prendas que os dejÃ© en el post del armario cÃ¡psula de primavera ğŸŒ¸

Â¿QuÃ© os parece? ğŸ«¶ğŸ½

                         Ã§Ã£o"
12,"Prettiest Soph wearing her Chanel Classic Flap Bag ğŸ˜

L'Ã‰toile Luxury Vintage is not affiliated with any of the offered brands. We 100% guarantee the authenticity of all our products. All copyrights are reserved by the original trademark owners."
13,The Bride wore Chanel ğŸ¤ğŸ¥¹ğŸ’«
14,"""DesignerDuck 2.0""

80x100CM
Acrylic, spraypaint and marker on deep edge canvas

Dm for price now ğŸ’¸ğŸ’¸ğŸ’¸"
15,"AN ACEğŸ”¥ğŸ”¥ğŸ”¥ğŸ”¥

JENNIE COACHELLA TAKEOVER


JENNIE  STAGE
   
   #ì œë‹ˆ"
16,"""ğŸˆIf you're interested in my product Please contact me on WhatsWpp:ğŸ“+86 15759905991 We will provide you with more products,Shipping to the world"
17,"anytime Iâ€™m stressed.

FOLLOW relatableshtx FOR MORE CONTENT LIKE THIS. 

âœ§ï½¥ï¾Ÿ: *âœ§ï½¥ï¾Ÿ:* *:ï½¥ï¾Ÿâœ§*:ï½¥ï¾Ÿâœ§ âœ§ï½¥ï¾Ÿ: *âœ§ï½¥ï¾Ÿ:* *:ï½¥ï¾Ÿâœ§*:ï½¥ï¾Ÿâœ§

, Pinterest inspiration, food, coquette, coquette aesthetic, aesthetic, cottage core, nature, Chanel, Dior, makeup, coquette, disty, girly, princess, fashion manifest, lifestyle, quotes , luxury lifestyle , dark feminine aesthetic, Paris , New York , spring , fit , ootd

âœ§ï½¥ï¾Ÿ: *âœ§ï½¥ï¾Ÿ:* *:ï½¥ï¾Ÿâœ§*:ï½¥ï¾Ÿâœ§ âœ§ï½¥ï¾Ÿ: *âœ§ï½¥ï¾Ÿ:* *:ï½¥ï¾Ÿâœ§*:ï½¥ï¾Ÿâœ§

                       |magic"
18,"The one and only tchalamet has been spotted in New York City filming with the acclaimed director  for what is allegedly a chanel.beauty  commercial â˜ï¸ Swipe to see the dreamy actor in all of his glory ğŸ–¤
-"
19,"baby never looked any better; the smile, those abs, them arms! - manurios on latest instagram story.
.
.
.
.
."
20,"DMC Media Market Insight Service shows that amongst luxury brands Chanel ranks  in Korea and is overwhelmingly popular online, an effect mainly from Jennie who has their global ambassador since 2017 and her activities (posts, show attendance)

- Blackpink Jennie, Chanel global ambassador since 2017
- Jennieâ€™s influence, such as ambassador activities and posts mentioning products, etc.
- Jennie at Chanel show in 2022 attendâ€¦Created 4.3 billion influence at the time

Haduhhh pantes si Chanel posesif bener ğŸ¤­ğŸ¤­ğŸ¤­

 Ì‡nkjenniÌ‡e      #ì œë‹ˆ #ë¸”ë™í•‘í¬ì œë‹ˆ"
21,"ğŸŒ·With the bittersweet conclusion of Queen Elizabeth's 70-year reign, the lessons of Elizabeth's leadership as sovereign cannot be minimalized. 

ğŸŒ·Queen Elizabeth was thrust onto the throne, untethered and relatively untrained. 

ğŸŒ·She inherited a multi-dimensional position as sovereign of her country and the figurehead of the Commonwealth of Nations. 

ğŸŒ·For seven decades, Elizabeth forged her way through triumph, tragedy and trauma, yet experienced exponential growth and unrivaled admiration.

ğŸŒ·As an entrepreneur, it is with a keen eye that we must glean through the thicket of immense experiences Elizabeth forged. 

ğŸŒ·As a business owner, lessons on her leadership hold a dynamic approach to how we must conduct our business. 

ğŸŒ·Queen Elizabeth understood that her platform was as a visionary. 

ğŸŒ·Her platform was not focused on immediate gratification, yet it was positioned to weather volatility. 

ğŸŒ·Her Majesty understood the power of playing the long game.

ğŸ—£ğŸ“£ğŸ‘‡ğŸ»âœğŸ»Please, tell me ğŸ‘‘
The Queen is a very special and unique person?

ğŸ‘‘

  

   ğŸ‡¬ğŸ‡§     


ğŸ“¸Getty Images Â®"
22,"Layered up this La Vaca Loca summer dress at the weekend which I brought preloved a couple of weeks ago from my fave shop arabella_designerwear I have this in 3 other colours, just need the green now and my set is complete! Itâ€™s the perfect Lymphie friendly summer dress â¤ï¸
.
.
."
23,"In honor of this years  Karl Lagerfeld: a line of beauty. Iâ€™ll be sharing some of my fave looks created by Karl. 
kaiagerber for the Chanel Spring 2018 Ready-to-wear Collection."
24,"YOU&MEğŸ¦‹

JENNIE COACHELLA TAKEOVER


JENNIE  STAGE
   
   #ì œë‹ˆ"
25,"Sofia Richie looked stunning in Chanel on her wedding day in France.

Makeup by Pati Dubroff and hair by Kathleen Riley ğŸ¤

sofiarichie chanelofficial patidubroff kathleen_hair                            

ğŸ“¸ Vogue Weddings, Vogue Beauty"
26,"Used in Excellent Con Chanel Classic Jumbo Coral à¸ªà¸µà¹à¸”à¸‡à¸­à¸¡à¸ªà¹‰à¸¡ GHW Lamb holo 13 à¸ªà¸µà¸ªà¸§à¸¢à¸•à¸±à¸”à¸à¸±à¸šà¸­à¸°à¹„à¸«à¸¥à¹ˆà¸—à¸­à¸‡à¸«à¸¡à¹ˆà¸™à¹†à¸ªà¸§à¸¢à¸›à¸±à¸‡ à¸«à¸™à¸±à¸‡à¸›à¹ˆà¸­à¸‡ à¸—à¸£à¸‡à¸”à¸µ à¹€à¸•à¹ˆà¸‡à¹† à¸­à¸¸à¸›à¸à¸£à¸“à¹Œ à¸–à¸¸à¸‡à¸œà¹‰à¸²,à¸à¸²à¸£à¹Œà¸”
ğŸ”¥145,000!!! à¹„à¸”à¹‰à¸Šà¸²à¹à¸™à¸¥à¸„à¸¥à¸²à¸ªà¸ªà¸´à¸„ ğŸ˜ğŸ˜
   #à¸£à¹‰à¸²à¸™à¸Šà¸³à¸‚à¸­à¸‡à¸„à¸¸à¸“à¸›à¹‰à¸²à¹€à¸™à¹‚à¸à¸°"
27,"This season you should invest in a beautiful bag that you will wear and flaunt all year long. We have the perfect bag for you! ğŸ˜ğŸ˜˜ğŸ¤©ğŸ¥°

ğŸ“²DM us on Viber and Whatsapp: +63 927 412 8794 
Or click this link
Viber: https://invite.viber.com/?g2=AQAl%2BLLSho%2BKdE89LS00fuKIyD7H5ksoAFoiL51q4W6cD%2BakvECP475Jw0QGrTzn
Whatsapp: https://wa.me/message/YJVY6EKGHEQ3C1

Disclaimer: JLuxury Authentic is not associated or affiliated with any brands featured. All trademarks & copyrights are e original brand holders."
28,"PFW at chanelofficial 
Thx jennierubyjane iamhyunjishin 

ì´ ë‘ì‚¬ëŒ ì¡°í•© ë„ˆë¬´ ì¢‹ìë‚˜ ğŸ”¥"
29,"Vanessa is all fabulous.... wearing her latest purse.... vintage long silk taffeta skirt paired with her favorite cream crop bra-lett. 

She added this fabulous choker and belt and sheâ€™s ready for her trip to Trader Joeâ€™s. No lulu lemon for Vanessa. 

All pieces exclusively panache_on_hst 
Please visit boutique for all details. 
â€¢skirt size: small
â€¢crop to: 40
â€¢belt: small

 is an independent purveyor and is in no way affiliated with the brands featured. All trademarks, logos, names, etc., are the property of their respective owners."
30,"[ğŸ“Š] JENNIE (jennierubyjane) bugÃ¼n Instagram'da 44.316 yeni takipÃ§i ile en Ã§ok takip edilen altÄ±ncÄ± K-Pop hesabÄ± oldu! 

â€¢ JENNIE (jennierubyjane) became the  most followed K-Pop account on Instagram with 44.316 new followers today!"
31,"wwdkorea posted in same post Jennie and GD's pictures and said maybe they attend Met Gala in this year. And Jiyong liked this post. Maybe this like means 'yes I attend'? Or 'yes we attend' ?!?!?!??????
ğŸ˜­ğŸ˜ğŸ¥°ğŸ˜­ğŸ¥°ğŸ˜

Bonus:
1. Jiyong liked photo of Jennie (and him)
2. In the caption Jennie and Jiyong are mentioned together (as Chanel ambassadors) (almost Chanel couple ğŸ¤­)
3. Jennie and Jiyong's name are next to each other"
32,Leo â™Œï¸
33,"If you want to buy something, my contact information is WhatsApp8619359441469
please contact me. We retail and wholesale all kinds of luxury brands,
clothes, glasses, belts, bags, etc. 100% integrity management,
free delivery of goods to all over the world, PayPal secure transaction,
I am your best choice, I am very happy to do business with you, and look forward to your consultation"
34,"No doubt by now, youâ€™re aware that  is married. The younger sister of millennial icon  wed music exec Elliot Grainge over the weekend in a very lush affair at the Hotel du Cap-Eden-Roc (where else?). Aside from her wardrobe â€” which involved multiple  haute couture pieces, two Khaite moments, Australian label Posse and a Proenza Schouler dress that is already sold out everywhere â€” people are talking about Richieâ€™s â€œrebrandâ€. Where she has gone from being someone who was always spoken about in association with other people (whether it was being the little sister of Nicole, best friend of Kylie Jenner or girlfriend of Scott Disick) to a chic young woman who holds her own. But what makes Richie different to any other uber beautiful young nepo baby? â 
â 
At the link in bio, we unpack."
35,Bridal Dreamsâ€¦.. we cannot get enough of sofiarichie chanelofficial
36,"TIMOTHÃ‰E IN MANHATTAN 
.
.
.
.
."
37,ğŸ‘ğŸ»ğŸ‰ Nice Performance PLC. .ğŸ“Š
38,"Amita Suman attends the 60th anniversary party of TAG Heuer Carrera at Outernet London on April 20, 2023 in London, Englandâœ¨"
39,"New Chanel UnboxingğŸ¥°ğŸ›
.
.
.
.
."
40,"Ultimate Wedding goals ğŸ¤
hotelducapedenroc
Sister hotel to the_lanesborough 
oetkercollection 
Planned by julianposner bananasplitevents"
41,"Accessories to die for! Spot our Celeste Pendant, Milan Snake Chain & Bracelet. We love to see how you style our jewellery don't forget to tag us in your pictures âœ¨"
42,"Hermes Herline Canvas Bag $3460
Very good condition (éå¸¸è‰¯å¥½ï¼‰
Size : 43x32x12cm 

Chloe Sunglasses $968
éå¸¸è‰¯å¥½
âœ³ï¸æœ‰å¥—

*è©³æƒ…PMä»¥ç²å–æ›´å¤šè³‡è¨ŠğŸ˜‰
~~~~~~~~~~~~~~~~~~~~~~~~
CCVintage shopğŸ¥³ğŸ¥³ğŸ¥³
ä½ å¥½éŠ…é‘¼ç£è»’å°¼è©©é“505é›»æ¥­åŸSolo  
ğŸš‡B Exit å‘Sogo æ–¹å‘ï¼ˆä¸­åœ‹éŠ€è¡Œä¸Š)
â˜ï¸Whatâ€™s app â€ª9065-3988â€¬
ğŸŒhttps://ccvintagehk.com/
ğŸ’Closed-Sun-Mon 
â°Tue-Sat (1-7pm)
ğŸ’¯æ­£ç‰ˆæ­£è²¨å•†åº—
ğŸ’³Visa/Master/AE with 2% charges
ï½ï½ï½ï½ï½ï½ï½ï½ï½ï½ï½ï½ï½ï½ï½~
   
       
   
    â€™s Day
  day    

*å•†æ¨™åŠå“ç‰Œç‰ˆæ¬Šæ­¸å“ç‰Œæ‰€æœ‰ï¼Œæœ¬åº—ä¸¦æ²’æœ‰èˆ‡åœ–ä¸­ç›¸ç‰‡çš„å“ç‰Œåˆä½œ*"
43,"r e p l e n i s h i n g  our earth extends to every facet of my life, including upcycling fashion. in fact, i live for the hunt and to give a second journey to pieces with a story and history. mindful for our planet but also like having an extended conversation with the past. sharing a few of my selects and sources over on lemon8us â€¦

.
.
.
.
."
44,"Vice versa
.

.
..

.

.."
45,paristexas_it   chanelofficial superbrands_secondhand   balmain    hermes #ğŸ˜˜ğŸ’„ğŸ‘ ğŸ’•ğŸ€ğŸ’ğŸ’ğŸ’ğŸğŸ‘¸
46,-boss
47,"Eid Celebration and staycation palazzoversacedubai 
âœ¨
âœ¨
âœ¨
âœ¨
âœ¨
   ğŸ‡¦ğŸ‡ª"
48,Business attire on Tuesday ğŸ‘€â˜€ï¸
49,"Currently Iâ€™m on the hunt for the perfect spring/summer sandal. 
Really into this denim version of the chanelofficial â€œdad sandalâ€, but not sure if itâ€™s a vybe. I love some classic pieces in my wardrobe and these could potentially feel really dated. 
What are your thoughts?"
50,"ğŸ–¤ Mujer segura, deja huellas por donde camina.ğŸ–¤

ğŸ‘— shoparula 
ğŸ‘Ÿ goldengoose 
ğŸ‘› chanelofficial"
51,ğŸ©µ sofiarichie
52,"ã€ girlstyle.sg ã€‘ Chanel Has New Heart-Shaped Purses + Mini Bag With Heart-Shaped Clasp & Luxe Quilted Texture
.
Chanelâ€™s Spring-Summer 2023 collection has recently dropped in Singapore and among the extensive range of stylish  new handbags and shoes, what caught our eye were a couple of love-themed leather purses. Either shaped like hearts, or with little heart-shaped details, these chic accessories with a quilted texture will add a fine feminine touch to any getup.
.
Made from lambskin, this pristine white Chanel Wallet On Chain will be your best friend if youâ€™re someone who likes heading out with just your phone, cash, and cards, but hates the lack of freedom that comes with constantly clutching your items in your hands. Essentially a mini bag, this minimalistic pieceâ€™s defining feature is an enamel heart-shaped clasp.
.
In contrast, the fabric on the interior of the purse is striking red. Aside from the main inner compartment is a zippered portion and multiple card slots.
.
Cute, yet bearing a certain timelessness, is this heart-shaped Chanel Clutch With Chain in shiny black patent leather. It comes with a smaller white ""baby"" version of itself which you can either use on its own, or have it clipped onto other bags as an oversized keychain cum easy-access purse.
.
If you donâ€™t quite fancy the black patent clutch but find yourself eyeing the little Zippered Coin Purse that comes along with it, you can always purchase it as a standalone item.
.
ğŸ“¸: chanelofficial 
.
ğŸ’‹ FB & YouTube: GirlStyle Singapore
."
53,"The cutest makeup of the seasonğŸŒ¸ğŸŒ¸ğŸŒ¸
.
.
.
.
      ÅŸantaÅŸÄ±"
54,"WYA? ğŸ‘™ğŸ
.
.
.
."
55,"YASEMÄ°N âœ¨
â€¢
â€¢
â€¢
â€¢
â€¢
â€¢
            Ä±gmakeup Ä±ggelinbaÅŸÄ±"
56,A beautiful and happy day
57,"#ğŸ–¤

ê³ ë§™ê³ , ì‚¬ë‘í•´ ë‚´í¸ğŸ«¶ğŸ»"
58,"Preloved Chanel Flap bag 7.5 inches Grey with GHW Full set ğŸŒ¸ğŸŒ¸ğŸŒ¸ğŸŒ¸ğŸŒ¸ 

Please visit www.ladyhoneyluxury.com for  latest price ğŸ‘†ğŸ‘†ğŸ‘†ğŸ‘†ğŸ‘†ğŸ‘†

Lady Honey is a professional and independent reseller of Luxury Goods and is not affiliated with the brands listed.
We source and sell both authentic new and preloved luxury goods to pour discerning customers.
All product names, logos, and brands are property of their respective owners.
Every lady deserves the best."
59,"Congratulations louisvuitton on a successful re-grand opening at lenoxsqmall. Well done to all your staff and support workers! ğŸ‘ğŸ¾ 
."
60,ğŸ¥°â¤ï¸
61,"Jennie with Jessica from Girlsâ€™ Generation ğŸ«¶ğŸ»
â–â–â–
follow jennierubyjenes â™¡
Â©ï¸ to owner
â–â–â–
  #á„‡á…³á†¯á„…á…¢á†¨á„‘á…µá†¼á„á…³ #á„Œá…¦á„‚á…µ      Ì #á„Œá…µá„‰á…® #á„…á…©á„Œá…¦ #á„…á…µá„‰á…¡ #á„‰á…£á„‚á…¦á†¯"
62,"Today is my last day of school ğŸ˜¢

-
-
-
-
-
-
-"
63,"ğˆğ§ğ¬ğ©ğ¢ğ«ğšğ­ğ¢ğ¨ğ§ Day to evening essentials.â£
fashionruelle is serving us the ideal street style inspiration.â£
______________â£"
64,"Manolo Blahnik - Hangisi 90 - Size 35

Leather Type: Fabric
Hardware: Silver tone
Condition: 9.9
Comes With: dust bag, box
Size: 35
Lafayette Price: $780cad
Retail Price: $1250cad+
SKU: 3021805
.
ğŸ‘œ Toronto Local Pickup: Free, DM to Book Appointment
ğŸ“¦ğŸ‡¨ğŸ‡¦ Shipping to Canadaï¼šFree (Canada Post)
ğŸ“¦ğŸ‡ºğŸ‡¸ Shipping to U.Sï¼š$30cad to $80 cad
ğŸ“¦ğŸŒ Rest of the world: DM for more details 
.
ğŸ“£Donâ€™t hesitate to DM us and request for more detailed photosğŸ“£
.
Contact:
ğŸ“ªUnit 306-4750 Yonge Street, Toronto 
ğŸ“§Lafayetteconsignment@gmail.com
ğŸ€Wechat: Lafayette_trt
.
ğŸ’³Payment Methodï¼š
Paypal/Cash/EMT/Debit/Credit/Alipay/Wechat
.
Disclaimer: Lafayette Consignment Inc. is not associated or affiliated with the brands featured. All trade marks and copyrights remain sole property to the brands.
.
.
.
.
.
.
."
65,IS SHE AT COACHELLA????
66,"ğŸ”¥ğŸ”¥ 20% OFF All Orders ğŸ’°ğŸ’°ğŸ’°
ğŸ”¥ğŸ”¥ 20% OFF All Orders ğŸ’°ğŸ’°ğŸ’°

â˜‘ï¸ FAITH

â˜‘ï¸Unisex Baseball T-Shirt

ğŸ‘•ğŸ‘š Colors: Different colors on here

ğŸ›…ğŸ›… Size: S-M-L-XL-2XL-3XL Sizes are available

ğŸ†•ğŸ†• New collections of naturalallydani â¤ï¸â€ğŸ”¥

â˜‘ï¸ Follow us: 

ğŸ’•ğŸ’• Visit our store and get your best choice ğŸ”¥ğŸ”¥

ğŸš»ğŸš» To get your products please visit the link below: ğŸ‘‡ğŸ‘‡ğŸ‘‡

https://lnkd.in/g64cmUf2

â¤´ï¸â¤´ï¸â¤´ï¸â¤´ï¸â¤´ï¸â¤´ï¸â¤´ï¸â¤´ï¸

                       

=============================

âœ… New collections naturalallydani â†©ï¸

ğŸ”¥ğŸ”¥ 20% OFF All Orders ğŸ’°ğŸ’°ğŸ’°
ğŸ”¥ğŸ”¥ 20% OFF All Orders ğŸ’°ğŸ’°ğŸ’°

ğŸ’•ğŸ’• Visit our store and get your best choice ğŸ”¥ğŸ”¥

ğŸš» Visit our store and get lots of Amazing CollectionsğŸš»"
67,"[ğŸ“‘] JENNIE, Twitter'da dÃ¼nya Ã§apÄ±nda 4. sÄ±rada yer alÄ±yor. En yÃ¼ksek trend olan ve ilk 5'te yer alan TEK Ã¼ye konumunda!

â€¢ JENNIE is trending  WORLDWIDE on Twitter. She is the highest trending BP member and she is the ONLY member in the TOP 5."
68,"Our online store of fashionable pillow
www.allurefashion.store"
69,No caption neededâ€¦ ğŸ’™ğŸ¦‹ğŸ”·ğŸ‘–ğŸ”µğŸ’¦
70,"+1 milyondan fazla paylaÅŸÄ±ma sahip  hashtagi spam sebebiyle instagramda yasaklandÄ± ve hashtag gizliye alÄ±ndÄ±! 

[ENG]

The hashtag  with more than +1 million shares has been banned on Instagram due to spam and the hashtag has been hidden!"
71,"Chanel necklace
    

Chanel è´è¶çµ é …éŠ ç´„99æ–°âœ¨
å°ºå¯¸ï¼š4x3 cm  éˆé•·40cm
å”®ï¼š13800
é‹ï¼š200

é…ä»¶ï¼šç›’
ç„¡æ˜é¡¯ç¡¬å‚·ğŸ˜
è‡ªæœ‰æ”¶è— é«˜æ¨™è«‹ç¹é“ğŸ™‡â€â™€ï¸ğŸ™‡â€â™€ï¸
åœ‹éš›é‹è²»å¦è¨ˆâœˆï¸âœˆï¸âœˆï¸"
72,"trying to hide the hole inside my head
watching the stars slide down to reach their end
cause sleep is not my friend"
73,"ĞĞ°ĞºĞ¾Ğ½ĞµÑ†-Ñ‚Ğ¾ Ğ¿Ñ€Ğ¸ÑˆĞ»Ğ° Ğ²ĞµÑĞ½ÑĞ½Ñ‹ğŸ’«ğŸŒ¸
ĞĞ´ĞµĞ¶Ğ´Ğ° ÑĞ´ĞµĞ»Ğ°Ğ½Ğ¾: nazarpivtorak9 ğŸ’‹

|Ğ¢ÑĞ³Ğ¸/Tags|
                               
officialrainbowhigh officialshadowhigh ğŸ’šâœ¨"
74,"How to choose ğŸ¤ğŸ–¤
New shoes chanelofficial my  ğŸ¤©"
75,"Iconic Pearl chanel ğŸ¤

ğŸ“²DM to shop"
76,"Minji X cocacola_korea ğŸ’›â¤ï¸â€ğŸ”¥
 #ë¯¼ì§€ 
â€”â€”
[230418] cocacola_korea update 
â€”â€”
     
    
    
  
 
 #ë‰´ì§„ìŠ¤"
77,"chanelofficial by karllagerfeld autumn/winter 2010-11 faux fur boots.
.
.
.
.
."
78,"Girls, it's time to pamperğŸ’ yourself  and bring home your dream bags todayâœ¨.

From    and more, we've 'em all. 


 

%Authentic

Visit us & get yourself an exclusive handbag in style!
 
ğ‹ğ¨ğ•ğğ² ğ†ğ¨ğ¨ğğ² - Your most trusted brand with more than 15 years experience on luxury handbags authentication.

ğŸ“ 012 328 8255 // https://wa.link/3u19za
ğŸ’Œ Instagramï¼šlovey_luxury
ğŸ“˜ Facebook: LoVey Goody
ğŸ“ Uptown Damansara, near Starling Mall"
79,"Which size do you prefer?
GM?
MM?
PM?"
80,"Evelyn Fashion
Brand: hidiva_official
Bag: dior 
Model: cutesexyevelyn
 #í˜‘ì°¬"
81,"Giving me the Couture feels ğŸŒ¸   
."
82,"Last night at savevenice   It was an incredibly fun night and the most successful ball to date for raising funds to save and restore the iconic City of Venice.
I had the honor of winning the Womenâ€™s Best Mask Award ğŸ¥‡ thank you so much fernandogarciam1205 and tokibunbun for selecting me and for designing my gorgeous gown! oscardelarenta â¤ï¸ Creating my look for the evening with Guild of Hands guildofhands was a wonderful experience. guildofhands designed my bow cape with train and headpiece- I must thank christyrilling for winning as well. Such a surreal nightâœ¨ Dorothy Wang said it was like I won Miss America Pageant and it certainly felt like that ğŸ˜‚ Iâ€™m looking forward to the next ball with Save Venice in Venice, Italy this fall www.SaveVenice.com ğŸ“¸ matteoprandoni bfa  #.
.
.
.
.
.
.
.
.
.
.
.
."
83,"""ğŸˆWelcome to my shop We have a lot of products (shoes, bags, clothes, etc.) Please add me on WhatsWpp:ğŸ“+86 15759905991 We have professional staff to help you"
84,10 fav summer looks I wear every year again ğŸŒŠâ˜€ï¸ğŸ«¶ğŸ»
85,"diddy attended the  game last night with record executive  wearing a $725 hommeplisse_isseymiyake jacket ,  leather pants,  sunglasses, and $1725  sneakers, styled by jc_____91.  wore a $2,000 brunellocucinelli_brand varsity jacket and $690  sneakers. Swipe for more. Would you splurge ? 
ğŸ“¸ Splash"
86,"No i mean yes plsğŸ’€
girlbloggeraesthetic"
87,"A Journey into the Allure - such a treat to see the evolution of chanelofficial over the years and how timeless designs elements like the use of bows, feathers, play on masculinity and femininity are interpreted on almost a century old designs by Gabrielle Chanel herself, to pieces by Karl Lagerfeld, to the current collection by Virginie Viard. Truly a fashion loverâ€™s dream ğŸ–¤ğŸ¤ğŸ–¤"
88,".
CHANELğŸ’„
shorts
.
RED leatherâ¤ï¸

.
    ä»£è³¼ 
 #ã‚·ãƒ£ãƒãƒ«       #ãŠã—ã‚ƒã‚Œã•ã‚“ã¨ç¹‹ã‹ã‚™ã‚ŠãŸã„ #ãŠã—ã‚ƒã‚Œã‚³ãƒ¼ãƒ‡ #ãƒ–ãƒ©ãƒ³ãƒ‰ã‚³ãƒ¼ãƒ‡ #ãƒã‚¤ãƒ–ãƒ©ãƒ³ãƒ‰ã‚³ãƒ¼ãƒ‡  #ã‚·ãƒ£ãƒãƒ«æœ"
89,"âœ°*à³ƒ
---âœ¿â€“â€“â€“

â–Margot arriving for an appearance on Jimmy Kimmel {December 14, 2022}Â 

â‹†---âœµ---â‹†"
90,Makeup by meğŸ’„ Beautiful girl m.azizxonovna 1?2? Comments â€¦
91,"ğŸ’‹ğŸ’‹ (mine! Please tag me when sharing my post)

.
.
.
.
.
vanillagirl111 
.
.
.
.
                             ã‚·"
92,"â€œIf you don't Love Yourself, Nobody Will. Not Only That, You Won't Be Good At Loving Anyone Else. Loving Starts With The SELF.â€"
93,mi reinağŸ–¤
94,"The National Railway Museum of Pietrarsa, one of the most evocative museums ever, allows you to embark on a fascinating journey through time among the locomotives and trains that have united Italy from 1839 to the present day. The museum is spread over an area of 36,000 square meters, overlooking the sea, and the buildings that now house the museum are the pavilions of the Royal Mechanical. 
Follow me in a magical tourâ€¦ swipe left ğŸ‘ˆğŸ»"
95,"Lashlifting ğŸ–¤
â€¢
â€¢
â€¢
â€¢
â€¢
â€¢
â€¢
â€¢
â€¢
â€¢
â€¢
â€¢
â€¢
â€¢
â€¢
â€¢
â€¢"
96,"Sofia Richie is glowing as a Chanel Parisian Princess ğŸ¤

What was your favorite detail from the star studding sophisticated wedding?"
97,"Romy Schneider ğŸ’– Le film: ""La Califfa 1971 ğŸ¬â¤ï¸â¤ï¸â¤ï¸
*
*
  
   
 # 
  
   
 
   
  
  Ã§ais"
98,"""ğŸˆI am a wholesaler of branded products, free shipping through âœˆDHL worldwide, if you need to buy, please add my whatsapp:ğŸ“+86 15759905991 (here are the best quality, and the cheapest price) I have many products, such as bags, shoes , Clothes, watches, belts, etc, accept Paypal and Western Union payment, 7-12days can be delivered, please contact me, thank you for your support"
99,"Today

dotwillow , the Nomad Model.

Beatiful Daria... altough models are travelling all the time, Daria really is the nomad model, born in Ukraine, raised in Canada, once trabeled to Peru to lived for months with an indegenous family and ended up living with her boyfirend in Ireland.Probably one of the most carismatic, enigmatic, lovable and misterious models ever. From her statuesque body, her bright almost purple eyes, her kind smile, her face, I could never forget that beatiful face, and her magnetic! yet peaceful and high vibrating aura, there is nothing not to love about Daria. She became one of the biggest models in the industry, not just of her era, of all of time, and during the prime of her modelling career, Karl was right next to her. Daria scored 3 Chanel campaigns, SS 2005, FW 2005 and SS 2006. She also opened 2 shows for Karl, Fendi FW 2006 and Chanel SS 2007. Cheers Daria.

dotwillow for Chanel FW 2006 campaign.
Videos, fashionchanneltv, Youtube"
100,"Thank you the_bearded_blogger_2 ! 
m u s e  x  k a r l 
Miss V & me ğŸ¤
Photographed by Karl.

â€œSo in light of Vogueâ€™s May cover celebrating Karl Largerfeld, and some of his beloved â€œMusesâ€, Iâ€™ve decided to celebrate the Muses that were somehow overlooked. I mean where was Claudia? Christy? Marpessa? Ines? Not even Linda or Daria?! There were certainly some interesting choices from Anna and her team, some of which Iâ€™d question as even embodying the true essence of a Museâ€¦.â€

.
.
.
."
101,"served up look-after-look for her multi-event wedding extravaganza. From  to archival , the elegant 'bridal' looks started rolling in a week before the nuptials even began. â 
â 
Check out all the looks from Sofia's wedding week, including her three wedding gowns and the  that made the cut. â 
â 
ğŸ”— Link in bio.â 
â 
ğŸ“¸ sofiarichie"
102,"Yay or Nay for this CHANEL? ğŸ˜˜ğŸ˜˜â€‹
Double-tap if you love thisâ¤ï¸â€â€‹
Rate it 1-10..!! ğŸ˜â€‹
-â €â€‹
â–¶ Follow us now for daily trending fashion!â€‹
â–¶ Follow usâ€‹
.â€‹
.â€‹
.â€‹
.â€‹
."
103,"Goodnight ğŸ¥±ğŸ˜´ğŸ’¤
.
.
.
#å†™çœŸå¥½ããªäººã¨ç¹‹ãŒã‚ŠãŸã„ 
#ã„ã„ã­è¿”ã— 
 
#ãƒ•ã‚¡ãƒƒã‚·ãƒ§ãƒ³ 
 
 
 
#ã‹ã‚ã„ã„ 
  
 
#ç­‹ãƒˆãƒ¬å¥³å­ 
#è…¹ç­‹å¥³å­ 
#æ—¶è£… #æ—¥æ–‡ 
#ç°¡å–®ç”Ÿæ´»  
  
 
 
 
  
 
 
  
 
#ç¾ã—ã„ #å°æ¾èœå¥ˆ"
104,"[ğŸ’…ğŸ»] JENNIE ile ilgili 5 arama konusu ÅŸu anda Facebook'ta ""popÃ¼ler"" konumuna ulaÅŸtÄ±!

â”€ JENNIE
â”€ JENNIE RUBY JANE
â”€ JENNIE COACHELLA
â”€ JENNIE COACHELLA WEEK 2
â”€ JENNIE COACHELLA OUTFIT

â€¢ 5 search topics related to  are ""popular"" right now on FACEBOOK!"
105,"ğŸ¤ğŸ–¤
-
chanelofficial 
-
                    Ã "
106,"REDO

Just a"
107,"Thank YOU ğŸ©· to everyone 

for all the beautiful birthday wishes âœ¨ï¸

the gifts, the hugs, the kisses and squishes!! ğŸ¥°

YOU made my day ğŸ«µğŸ¼

______________________

Ø¬Ø²Ø§Ùƒ Ø§Ù„Ù„Ù‡ Ø®ÙŠØ±Ø§ ğŸŒ¸
for the gOrgeous bouquet khatijacarrim 

May Ø§Ù„Ù„Ù‡ fill your home with love & laughter

 ğŸ¥°              

Ø§Ù„Ø­Ù…Ø¯ Ù„Ù„Ù‡ ğŸ©·"
108,"This weekend model and influencer  married music producer  in an absolute dream locationâ€”the iconic Hotel du Cap-Eden Roc in Franceâ€”and wore three incredible custom chanelofficial dresses which she shared an intimate pre-wedding look at with Vogue. Richieâ€™s wedding wardrobe starred an exquisite beaded high-neck column gown for her rehearsal dinner; a sweeping crisscross neckline beaded lace gown for her ceremony complete with an ethereal cathedral length tulle veil; and a fun and flirty mini dress featuring a sweet structured silhouette and a signature  camellia affixed front and centre. She kept her beauty look classic and clean for every look with a midi bun and polished au naturel makeup. Sofia is an iconic bride for the ages.

ğŸ“· by germanlarkin and normanandblake via voguemagazine (1 & 2) and by emiliewhitephotography via vogueweddings"
109,"Went to see sweeneytoddbway with joshgroban. It definitely surpassed my expectations! Dinner at lamasserianyc was amazing, we had the Chardonnay, burrata, short rib Ragu, and sea bream. I havenâ€™t had seabream since the last time we went to the elaphiti_islands off the coast of experiencedubrovnik. Gelato was so cute as it was made in the shape of a rose. 
I wore a bodysuit from express, split hem pants from aritzia, shoes from goodamerican, belt from chanelofficial, bag from celine"
